{"cameraMode":{"drawMode":0,"name":"Shaded","section":"Shading Mode"},"sceneLighting":true,"audioPlay":false,"sceneViewState":{"showFog":true,"showMaterialUpdate":false,"showSkybox":true,"showFlares":true,"showImageEffects":true,"showParticleSystems":true},"in2DMode":false,"pivot":{"x":589.5481567382813,"y":403.56915283203127,"z":-117.61833953857422},"rotation":{"x":-0.14276562631130219,"y":0.11905494332313538,"z":-0.01730114221572876,"w":-0.9824212789535523},"size":424.65863037109377,"orthographic":false}